{"cameraMode":{"drawMode":0,"name":"Shaded","section":"Shading Mode"},"sceneLighting":false,"audioPlay":false,"sceneViewState":{"m_AlwaysRefresh":false,"showFog":true,"showSkybox":false,"showFlares":true,"showImageEffects":true,"showParticleSystems":true,"showVisualEffectGraphs":true,"m_FxEnabled":true},"in2DMode":false,"pivot":{"x":2.5999999046325685,"y":1.6382169723510743,"z":-0.05436915159225464},"rotation":{"x":0.10794279724359513,"y":0.3134678304195404,"z":-0.035891033709049228,"w":0.9427618384361267},"size":2.090529203414917,"orthographic":true}