{"cameraMode":{"drawMode":0,"name":"Shaded","section":"Shading Mode"},"sceneLighting":true,"audioPlay":false,"sceneViewState":{"m_AlwaysRefresh":false,"showFog":true,"showSkybox":true,"showFlares":true,"showImageEffects":true,"showParticleSystems":true,"showVisualEffectGraphs":true,"m_FxEnabled":true},"in2DMode":false,"pivot":{"x":5.858625888824463,"y":0.10756349563598633,"z":13.723756790161133},"rotation":{"x":0.5540582537651062,"y":0.018727149814367296,"z":-0.012468382716178894,"w":0.8321772813796997},"size":6.7144598960876469,"orthographic":false}