{"cameraMode":{"drawMode":0,"name":"Shaded","section":"Shading Mode"},"sceneLighting":false,"audioPlay":false,"sceneViewState":{"m_AlwaysRefresh":false,"showFog":true,"showSkybox":false,"showFlares":true,"showImageEffects":true,"showParticleSystems":true,"showVisualEffectGraphs":true,"m_FxEnabled":true},"in2DMode":false,"pivot":{"x":-0.32172560691833498,"y":2.5138683319091799,"z":15.533624649047852},"rotation":{"x":0.07320541143417359,"y":-0.07860366255044937,"z":0.00578780472278595,"w":0.9941979646682739},"size":4.496949195861816,"orthographic":false}