{"cameraMode":{"drawMode":0,"name":"Shaded","section":"Shading Mode"},"sceneLighting":true,"audioPlay":false,"sceneViewState":{"m_AlwaysRefresh":false,"showFog":true,"showSkybox":true,"showFlares":true,"showImageEffects":true,"showParticleSystems":true,"showVisualEffectGraphs":true,"m_FxEnabled":true},"in2DMode":false,"pivot":{"x":0.07633242011070252,"y":-3.557501792907715,"z":2.2703232765197756},"rotation":{"x":-0.4352453947067261,"y":0.0018876665271818638,"z":-0.0009140056790784001,"w":-0.9003140926361084},"size":14.171281814575196,"orthographic":false}