{"cameraMode":{"drawMode":0,"name":"Shaded","section":"Shading Mode"},"sceneLighting":true,"audioPlay":false,"sceneViewState":{"m_AlwaysRefresh":false,"showFog":true,"showSkybox":true,"showFlares":true,"showImageEffects":true,"showParticleSystems":true,"showVisualEffectGraphs":true,"m_FxEnabled":true},"in2DMode":false,"pivot":{"x":-6.975914478302002,"y":1.7130398750305176,"z":-0.8492933511734009},"rotation":{"x":0.24061554670333863,"y":-0.0020399214699864389,"z":0.0005056028021499515,"w":0.9706200361251831},"size":3.5738000869750978,"orthographic":true}